{
  "Component.js.map": 1728028689574,
  "Component.js": 1727954898094,
  "controller/VendorPortalMain.controller.js": 1727955690364,
  "controller/App.controller.js": 1727954898102,
  "manifest.json": 1728028689453,
  "model/models.js": 1727954898102,
  "model/models-dbg.js": 1727954898102,
  "model/models.js.map": 1728028689574,
  "controller/VendorPortalMain-dbg.controller.js": 1727955690364,
  "controller/VendorPortalMain.controller.js.map": 1728028689573,
  "controller/App-dbg.controller.js": 1727954898102,
  "controller/App.controller.js.map": 1728028689573,
  "Component-dbg.js": 1727954898094,
  "i18n/i18n.properties": 1727954932962,
  "Component-preload.js": 1728028689633,
  "Component-preload.js.map": 1728028689633,
  "view/VendorPortalMain.view.xml": 1727955655720,
  "view/App.view.xml": 1727954898106,
  "css/style.css": 1727954898106,
  "index.html": 1727954898094
}